<metadata xml:lang="fi"><Esri><CreaDate>20161109</CreaDate><CreaTime>11563900</CreaTime><ArcGISFormat>1.0</ArcGISFormat><SyncOnce>TRUE</SyncOnce><ModDate>20161109</ModDate><ModTime>12480400</ModTime><scaleRange><minScale>150000000</minScale><maxScale>5000</maxScale></scaleRange><ArcGISProfile>ItemDescription</ArcGISProfile></Esri><dataIdInfo><idCitation><resTitle>Agterberg-Cheng CI Test</resTitle></idCitation><idAbs>&lt;DIV STYLE="text-align:Left;"&gt;&lt;DIV&gt;&lt;DIV&gt;&lt;P&gt;&lt;SPAN&gt;This tool reports three measures of overall conditional independence, a conditional independence (CI) ratio and the Agterberg-Cheng test of conditional independence. The thrid measure is reported as the Over CI. Such a test test is necessary because Weights of Evidence, a Bayesian method, assumes conditional independence of the evidence with regards to the training sites. Conditional dependency typically inflates the posterior probability. The inputs for this tool are from the Calculate Response tool.&lt;/SPAN&gt;&lt;/P&gt;&lt;/DIV&gt;&lt;/DIV&gt;&lt;/DIV&gt;</idAbs></dataIdInfo><distInfo><distributor><distorFormat><formatName>ArcToolbox Tool</formatName></distorFormat></distributor></distInfo><tool name="AgterbergChengCITest" displayname="Agterberg-Cheng CI Test" toolboxalias="ArcSDM" xmlns=""><parameters><param name="pp_raster" displayname="Post Probability raster" type="Required" direction="Input" datatype="Raster Layer" expression="pp_raster"><dialogReference>&lt;DIV STYLE="text-align:Left;"&gt;&lt;DIV&gt;&lt;P&gt;&lt;SPAN&gt;Post Probability raster from Calculate Response&lt;/SPAN&gt;&lt;/P&gt;&lt;/DIV&gt;&lt;/DIV&gt;</dialogReference></param><param name="ps_raster" displayname="Probability Std raster" type="Required" direction="Input" datatype="Raster Layer" expression="ps_raster"><dialogReference>&lt;DIV STYLE="text-align:Left;"&gt;&lt;DIV&gt;&lt;P&gt;&lt;SPAN&gt;Post Probability Standard Deviation raster from Calculate Response &lt;/SPAN&gt;&lt;/P&gt;&lt;/DIV&gt;&lt;/DIV&gt;</dialogReference></param><param name="training_sites" displayname="Training sites" type="Required" direction="Input" datatype="Feature Layer" expression="training_sites"><dialogReference>&lt;DIV STYLE="text-align:Left;"&gt;&lt;P&gt;&lt;SPAN&gt;Training Sites feature layer used in Calculate Response. &lt;/SPAN&gt;&lt;/P&gt;&lt;/DIV&gt;</dialogReference></param><param name="Unit_Area__sq_km" displayname="Unit area (km2)" type="Required" direction="Input" datatype="Double" expression="Unit_Area__sq_km"><dialogReference>&lt;DIV STYLE="text-align:Left;"&gt;&lt;P&gt;&lt;SPAN&gt;The Unit Area should be the same value used in previous tools used for this Wofe model. See the Help file in Calculate Weights for more information on Unit Area.&lt;/SPAN&gt;&lt;/P&gt;&lt;/DIV&gt;</dialogReference></param><param name="ci_test_file" displayname="Output CI Test File" type="Optional" direction="Output" datatype="File" expression="{ci_test_file}"><dialogReference>&lt;DIV STYLE="text-align:Left;"&gt;&lt;DIV&gt;&lt;DIV&gt;&lt;P&gt;&lt;SPAN&gt;Pathname of saved&lt;/SPAN&gt;&lt;SPAN&gt; &lt;/SPAN&gt;&lt;SPAN&gt;test file. A text file saving the information from the Agterberg-Cheng Conditional Independence test. &lt;/SPAN&gt;&lt;/P&gt;&lt;/DIV&gt;&lt;/DIV&gt;&lt;/DIV&gt;</dialogReference></param></parameters><summary>&lt;DIV STYLE="text-align:Left;"&gt;&lt;DIV&gt;&lt;DIV&gt;&lt;P&gt;&lt;SPAN&gt;This tool reports three measures of overall conditional independence, a conditional independence (CI) ratio and the Agterberg-Cheng test of conditional independence. The thrid measure is reported as the Over CI. Such a test test is necessary because Weights of Evidence, a Bayesian method, assumes conditional independence of the evidence with regards to the training sites. Conditional dependency typically inflates the posterior probability. The inputs for this tool are from the Calculate Response tool.&lt;/SPAN&gt;&lt;/P&gt;&lt;/DIV&gt;&lt;/DIV&gt;&lt;/DIV&gt;</summary><arcToolboxHelpPath>c:\program files (x86)\arcgis\desktop10.4\Help\gp</arcToolboxHelpPath></tool><mdHrLv><ScopeCd value="005"/></mdHrLv></metadata>
