<metadata xml:lang="fi"><Esri><CreaDate>20160922</CreaDate><CreaTime>11292800</CreaTime><ArcGISFormat>1.0</ArcGISFormat><SyncOnce>TRUE</SyncOnce><ModDate>20161104</ModDate><ModTime>14292400</ModTime><scaleRange><minScale>150000000</minScale><maxScale>5000</maxScale></scaleRange><ArcGISProfile>ItemDescription</ArcGISProfile></Esri><tool name="TOCFuzzificationTool" displayname="TOC Fuzzification" toolboxalias="ArcSDM" xmlns=""><arcToolboxHelpPath>c:\program files (x86)\arcgis\desktop10.4\Help\gp</arcToolboxHelpPath><parameters><param name="input_raster" displayname="Input Raster" type="Required" direction="Input" datatype="Raster Layer" expression="input_raster"><dialogReference>&lt;DIV STYLE="text-align:Left;"&gt;&lt;DIV&gt;&lt;P&gt;&lt;SPAN&gt;This is the evidence raster that has been symbolized to represent the fuzzy membership.&lt;/SPAN&gt;&lt;/P&gt;&lt;/DIV&gt;&lt;/DIV&gt;</dialogReference></param><param name="reclass_field" displayname="Reclass Field" type="Required" direction="Input" datatype="Field" expression="reclass_field"><dialogReference>&lt;DIV STYLE="text-align:Left;"&gt;&lt;DIV&gt;&lt;P&gt;&lt;SPAN&gt;This is normally the Value attribute.&lt;/SPAN&gt;&lt;/P&gt;&lt;/DIV&gt;&lt;/DIV&gt;</dialogReference></param><param name="reclassification" displayname="Reclassification" type="Required" direction="Output" datatype="Remap" expression="reclassification"/><param name="classes" displayname="Number of Classes" type="Required" direction="Input" datatype="Long" expression="classes"><dialogReference>&lt;DIV STYLE="text-align:Left;"&gt;&lt;DIV&gt;&lt;P&gt;&lt;SPAN&gt;Enter the total number of classes in the symbolized input rasters. This is an integer value.&lt;/SPAN&gt;&lt;/P&gt;&lt;/DIV&gt;&lt;/DIV&gt;</dialogReference></param><param name="fmtoc" displayname="Fuzzy Membership Raster" type="Required" direction="Output" datatype="Raster Dataset" expression="fmtoc"><dialogReference>&lt;DIV STYLE="text-align:Left;"&gt;&lt;DIV&gt;&lt;P&gt;&lt;SPAN&gt;Fuzzy membership raster&lt;/SPAN&gt;&lt;/P&gt;&lt;/DIV&gt;&lt;/DIV&gt;</dialogReference></param></parameters><summary>&lt;DIV STYLE="text-align:Left;"&gt;&lt;DIV&gt;&lt;P&gt;&lt;SPAN&gt;This fuzzification method utilized the symbolization of the input raster that has been applied in the map document table of contects (TOC). The symbolization in the TOC defines the number of classes and this tool rescales those classes (1...N) to the range [0,1] by (C - 1)/(N-1) where C is the class value and N is the number of classes.&lt;/SPAN&gt;&lt;/P&gt;&lt;/DIV&gt;&lt;/DIV&gt;</summary></tool><dataIdInfo><idCitation><resTitle>TOC Fuzzification</resTitle></idCitation><idAbs>&lt;DIV STYLE="text-align:Left;"&gt;&lt;DIV&gt;&lt;P&gt;&lt;SPAN&gt;This fuzzification method utilized the symbolization of the input raster that has been applied in the map document table of contects (TOC). The symbolization in the TOC defines the number of classes and this tool rescales those classes (1...N) to the range [0,1] by (C - 1)/(N-1) where C is the class value and N is the number of classes.&lt;/SPAN&gt;&lt;/P&gt;&lt;/DIV&gt;&lt;/DIV&gt;</idAbs></dataIdInfo><distInfo><distributor><distorFormat><formatName>ArcToolbox Tool</formatName></distorFormat></distributor></distInfo><mdHrLv><ScopeCd value="005"></ScopeCd></mdHrLv></metadata>
