<metadata xml:lang="fi"><Esri><CreaDate>20160922</CreaDate><CreaTime>11292700</CreaTime><ArcGISFormat>1.0</ArcGISFormat><SyncOnce>TRUE</SyncOnce><ModDate>20170717</ModDate><ModTime>9545600</ModTime><scaleRange><minScale>150000000</minScale><maxScale>5000</maxScale></scaleRange><ArcGISProfile>ItemDescription</ArcGISProfile></Esri><tool name="SiteReductionTool" displayname="Training sites reduction" toolboxalias="ArcSDM" xmlns=""><arcToolboxHelpPath>c:\program files (x86)\arcgis\desktop10.4\Help\gp</arcToolboxHelpPath><parameters><param name="Training_Sites_layer" displayname="Training sites layer" type="Required" direction="Input" datatype="Feature Layer" expression="Training_Sites_layer"><dialogReference>&lt;DIV STYLE="text-align:Left;"&gt;&lt;DIV&gt;&lt;P&gt;&lt;SPAN&gt;Training sites feature layer for the present model. &lt;/SPAN&gt;&lt;/P&gt;&lt;/DIV&gt;&lt;/DIV&gt;</dialogReference></param><param name="Thinning_Selection" displayname="Thinning selection" type="Optional" direction="Input" datatype="Boolean" expression="{Thinning_Selection}"><dialogReference>&lt;DIV STYLE="text-align:Left;"&gt;&lt;DIV&gt;&lt;P&gt;&lt;SPAN&gt;Select to do thinning selection. Weights of evidence assumes there is only one training sites per unit cell. Use this option to thin, or reduce, the number of training sites to one per unit cell, which is assumed for Weights of Evidence and Logistic Regression. &lt;/SPAN&gt;&lt;/P&gt;&lt;/DIV&gt;&lt;/DIV&gt;</dialogReference></param><param name="Unit_Area__sq_km_" displayname="Unit area (sq km)" type="Optional" direction="Input" datatype="Double" expression="{Unit_Area__sq_km_}"><dialogReference>&lt;DIV STYLE="text-align:Left;"&gt;&lt;P&gt;&lt;SPAN&gt;Unit area in sq. kilometers for this model. &lt;/SPAN&gt;&lt;/P&gt;&lt;/DIV&gt;</dialogReference></param><param name="Random_selection" displayname="Random selection" type="Optional" direction="Input" datatype="Boolean" expression="{Random_selection}"><dialogReference>&lt;DIV STYLE="text-align:Left;"&gt;&lt;DIV&gt;&lt;P&gt;&lt;SPAN&gt;Select to do random thinning. &lt;/SPAN&gt;&lt;/P&gt;&lt;/DIV&gt;&lt;/DIV&gt;</dialogReference></param><param name="Random_percentage_selection" displayname="Random percentage selection" type="Optional" direction="Input" datatype="Long" expression="{Random_percentage_selection}"><dialogReference>&lt;DIV STYLE="text-align:Left;"&gt;&lt;DIV&gt;&lt;P&gt;&lt;SPAN&gt;Random thinning percentage to keep. &lt;/SPAN&gt;&lt;/P&gt;&lt;/DIV&gt;&lt;/DIV&gt;</dialogReference></param><param name="layerSelection" displayname="Save selection as a new layer" type="Optional" direction="Output" datatype="Feature Layer" expression="{layerSelection}"><dialogReference>&lt;DIV STYLE="text-align:Left;"&gt;&lt;DIV&gt;&lt;DIV&gt;&lt;P&gt;&lt;SPAN&gt;Return thinned &lt;/SPAN&gt;&lt;SPAN&gt;selection as a &lt;/SPAN&gt;&lt;SPAN&gt;new l&lt;/SPAN&gt;&lt;SPAN&gt;ayer&lt;/SPAN&gt;&lt;SPAN&gt;.&lt;/SPAN&gt;&lt;/P&gt;&lt;/DIV&gt;&lt;/DIV&gt;&lt;/DIV&gt;</dialogReference></param></parameters><summary>&lt;DIV STYLE="text-align:Left;"&gt;&lt;DIV&gt;&lt;DIV&gt;&lt;P&gt;&lt;SPAN&gt;Reduce number of training sites by random subset of sites or by thinning to one cell per unit areas. This supports the Weights of Evidence assumption that there is one training point per unit cell. Sites are first selected to be within the current mask, then selected by the selected methods.&lt;/SPAN&gt;&lt;/P&gt;&lt;P&gt;&lt;SPAN&gt;If both site reduction methods are selected Thinning reduction is done first and followed by Random reduction to further reduce the number of sites selected. &lt;/SPAN&gt;&lt;/P&gt;&lt;P&gt;&lt;SPAN /&gt;&lt;/P&gt;&lt;P&gt;&lt;SPAN&gt;Note! Mask must be of featureclass or featurelayer type. Raster masks are not supported!&lt;/SPAN&gt;&lt;/P&gt;&lt;/DIV&gt;&lt;/DIV&gt;&lt;/DIV&gt;</summary></tool><dataIdInfo><idCitation><resTitle>Training sites reduction</resTitle></idCitation><idAbs>&lt;DIV STYLE="text-align:Left;"&gt;&lt;DIV&gt;&lt;DIV&gt;&lt;P&gt;&lt;SPAN&gt;Reduce number of training sites by random subset of sites or by thinning to one cell per unit areas. This supports the Weights of Evidence assumption that there is one training point per unit cell. Sites are first selected to be within the current mask, then selected by the selected methods.&lt;/SPAN&gt;&lt;/P&gt;&lt;P&gt;&lt;SPAN&gt;If both site reduction methods are selected Thinning reduction is done first and followed by Random reduction to further reduce the number of sites selected. &lt;/SPAN&gt;&lt;/P&gt;&lt;P&gt;&lt;SPAN /&gt;&lt;/P&gt;&lt;P&gt;&lt;SPAN&gt;Note! Mask must be of featureclass or featurelayer type. Raster masks are not supported!&lt;/SPAN&gt;&lt;/P&gt;&lt;/DIV&gt;&lt;/DIV&gt;&lt;/DIV&gt;</idAbs></dataIdInfo><distInfo><distributor><distorFormat><formatName>ArcToolbox Tool</formatName></distorFormat></distributor></distInfo><mdHrLv><ScopeCd value="005"/></mdHrLv></metadata>
