<?xml version="1.0" encoding="UTF-8"?>
<metadata xml:lang="fi"><Esri><CreaDate>20160818</CreaDate><CreaTime>14060400</CreaTime><ArcGISFormat>1.0</ArcGISFormat><SyncOnce>TRUE</SyncOnce><ModDate>20180110</ModDate><ModTime>073903</ModTime></Esri><toolbox name="ArcSDM" alias="ArcSDM"><arcToolboxHelpPath>c:\program files (x86)\arcgis\desktop10.3\Help\gp</arcToolboxHelpPath><toolsets/></toolbox><dataIdInfo><idCitation><resTitle>ArcSDM</resTitle></idCitation></dataIdInfo><distInfo><distributor><distorFormat><formatName>ArcToolbox Toolbox</formatName></distorFormat></distributor></distInfo></metadata>
