<metadata xml:lang="fi"><Esri><CreaDate>20160922</CreaDate><CreaTime>11292800</CreaTime><ArcGISFormat>1.0</ArcGISFormat><SyncOnce>TRUE</SyncOnce><ModDate>20171103</ModDate><ModTime>12082700</ModTime><scaleRange><minScale>150000000</minScale><maxScale>5000</maxScale></scaleRange><ArcGISProfile>ItemDescription</ArcGISProfile></Esri><tool name="CategoricalAndReclassTool" displayname="Categorical &amp; Reclass" toolboxalias="ArcSDM" xmlns=""><arcToolboxHelpPath>c:\program files (x86)\arcgis\desktop10.4\Help\gp</arcToolboxHelpPath><parameters><param name="categorical_evidence" displayname="Categorical evidence raster" type="Required" direction="Input" datatype="Raster Layer" expression="categorical_evidence"><dialogReference>&lt;DIV STYLE="text-align:Left;"&gt;&lt;DIV&gt;&lt;DIV&gt;&lt;P&gt;&lt;SPAN&gt;A Categorical evidence raster &lt;/SPAN&gt;&lt;SPAN&gt;to be reclassified and divided by appropriate value&lt;/SPAN&gt;&lt;/P&gt;&lt;/DIV&gt;&lt;/DIV&gt;&lt;/DIV&gt;</dialogReference></param><param name="reclass_field" displayname="Reclass field" type="Required" direction="Input" datatype="Field" expression="reclass_field"><dialogReference>&lt;DIV STYLE="text-align:Left;"&gt;&lt;DIV&gt;&lt;P&gt;&lt;SPAN&gt;Enter the integer values, which will be divided by the Divisor entered below, that are to be the fuzzy membership values for the classes. The reclassify tool will only take integers. Thus if a membership of 0.3 is desired, the user would enter a 3 and the divisor would be entered below as 10. &lt;/SPAN&gt;&lt;/P&gt;&lt;/DIV&gt;&lt;/DIV&gt;</dialogReference></param><param name="reclassification" displayname="Reclassification" type="Required" direction="Input" datatype="Remap" expression="reclassification"><dialogReference>&lt;DIV STYLE="text-align:Left;"&gt;&lt;DIV&gt;&lt;P&gt;&lt;SPAN&gt;Enter the integer values, which will be divided by the Divisor entered below, that are to be the fuzzy membership values for the classes. The reclassify tool will only take integers. Thus if a membership of 0.3 is desired, the user would enter a 3 and the divisor would be entered below as 10. &lt;/SPAN&gt;&lt;/P&gt;&lt;/DIV&gt;&lt;/DIV&gt;</dialogReference></param><param name="fmcat" displayname="FM Categorical" type="Required" direction="Output" datatype="Raster Dataset" expression="fmcat"><dialogReference>&lt;DIV STYLE="text-align:Left;"&gt;&lt;DIV&gt;&lt;P&gt;&lt;SPAN&gt;Enter the name of the real valued fuzzy membership raster to be created by this process.&lt;/SPAN&gt;&lt;/P&gt;&lt;/DIV&gt;&lt;/DIV&gt;</dialogReference></param><param name="divisor" displayname="Divisor" type="Required" direction="Input" datatype="Long" expression="divisor"><dialogReference>&lt;DIV STYLE="text-align:Left;"&gt;&lt;DIV&gt;&lt;DIV&gt;&lt;P&gt;&lt;SPAN&gt;Enter the number that is used to divide the integer fuzzy membership values in the Reclassification process. If fuzzy memberships with one significant figure are desired, use a divisor of 10 for integers in the Reclassification of 1, 2, 3, 4, ..., 10.&lt;/SPAN&gt;&lt;/P&gt;&lt;/DIV&gt;&lt;/DIV&gt;&lt;/DIV&gt;</dialogReference></param></parameters><summary>&lt;DIV STYLE="text-align:Left;"&gt;&lt;DIV&gt;&lt;DIV&gt;&lt;P&gt;&lt;SPAN&gt;This fuzzification tool is designed create fuzzy memberships for categorical data by first reclassification to integers and then division by an appropriate value. Alternatively this tool can be used with ordered data to utilize the ArcGIS symbolization classification methods. For Categorical memberhships, the reclassification inputs might be integers between 0 and 100 with a divisor of 100. This will produce fuzzy memberships with two significant figures. By selecting an appropriate divisor, such as 10, 100, or 1000, the number of signficant figures are determined. For ordered data, a reclassification method is selected and the number of classes defined. Then the divisor will be the number of classes. This will produce fuzzy memberships from 0 to 1 with the number of significant figures determined by the number of classes.&lt;/SPAN&gt;&lt;/P&gt;&lt;/DIV&gt;&lt;/DIV&gt;&lt;/DIV&gt;</summary></tool><dataIdInfo><idCitation><resTitle>Categorical &amp; Reclass</resTitle></idCitation><idAbs>&lt;DIV STYLE="text-align:Left;"&gt;&lt;DIV&gt;&lt;DIV&gt;&lt;P&gt;&lt;SPAN&gt;This fuzzification tool is designed create fuzzy memberships for categorical data by first reclassification to integers and then division by an appropriate value. Alternatively this tool can be used with ordered data to utilize the ArcGIS symbolization classification methods. For Categorical memberhships, the reclassification inputs might be integers between 0 and 100 with a divisor of 100. This will produce fuzzy memberships with two significant figures. By selecting an appropriate divisor, such as 10, 100, or 1000, the number of signficant figures are determined. For ordered data, a reclassification method is selected and the number of classes defined. Then the divisor will be the number of classes. This will produce fuzzy memberships from 0 to 1 with the number of significant figures determined by the number of classes.&lt;/SPAN&gt;&lt;/P&gt;&lt;/DIV&gt;&lt;/DIV&gt;&lt;/DIV&gt;</idAbs></dataIdInfo><distInfo><distributor><distorFormat><formatName>ArcToolbox Tool</formatName></distorFormat></distributor></distInfo><mdHrLv><ScopeCd value="005"/></mdHrLv></metadata>
