<metadata xml:lang="en"><Esri><CreaDate>20170703</CreaDate><CreaTime>15562000</CreaTime><ArcGISFormat>1.0</ArcGISFormat><SyncOnce>TRUE</SyncOnce><ModDate>20171010</ModDate><ModTime>16585200</ModTime><scaleRange><minScale>150000000</minScale><maxScale>5000</maxScale></scaleRange><ArcGISProfile>ItemDescription</ArcGISProfile></Esri><tool name="BrownBoostTrain" displayname="BrownBoost Train" toolboxalias="experimentaltools" xmlns=""><arcToolboxHelpPath>c:\program files (x86)\arcgis\desktop10.5\Help\gp</arcToolboxHelpPath><parameters><param name="train_points" displayname="Train Points" type="Required" direction="Input" datatype="Feature Layer" expression="train_points"><dialogReference>&lt;DIV STYLE="text-align:Left;"&gt;&lt;DIV&gt;&lt;P&gt;&lt;SPAN&gt;Points to be used for the training &lt;/SPAN&gt;&lt;/P&gt;&lt;/DIV&gt;&lt;/DIV&gt;</dialogReference><pythonReference>&lt;DIV STYLE="text-align:Left;"&gt;&lt;DIV&gt;&lt;P&gt;&lt;SPAN&gt;Points to be used for the training &lt;/SPAN&gt;&lt;/P&gt;&lt;/DIV&gt;&lt;/DIV&gt;</pythonReference></param><param name="train_regressors" displayname="Predictor Fields" type="Required" direction="Input" datatype="Multiple Value" expression="train_regressors;train_regressors..."><dialogReference>&lt;DIV STYLE="text-align:Left;"&gt;&lt;DIV&gt;&lt;P&gt;&lt;SPAN&gt;Name of the fields with the information about the evidential layers&lt;/SPAN&gt;&lt;/P&gt;&lt;/DIV&gt;&lt;/DIV&gt;</dialogReference><pythonReference>&lt;DIV STYLE="text-align:Left;"&gt;&lt;DIV&gt;&lt;P&gt;&lt;SPAN&gt;Name of the fields with the information about the evidential layers&lt;/SPAN&gt;&lt;/P&gt;&lt;/DIV&gt;&lt;/DIV&gt;</pythonReference></param><param name="train_response" displayname="Class Field" type="Required" direction="Input" datatype="Field" expression="train_response"><dialogReference>&lt;DIV STYLE="text-align:Left;"&gt;&lt;DIV&gt;&lt;P&gt;&lt;SPAN&gt;Name of the field with the values of the expected deposit classification or response&lt;/SPAN&gt;&lt;SPAN&gt;. Usually -1 for non-deposits and 1 for deposits&lt;/SPAN&gt;&lt;/P&gt;&lt;/DIV&gt;&lt;/DIV&gt;</dialogReference><pythonReference>&lt;DIV STYLE="text-align:Left;"&gt;&lt;DIV&gt;&lt;P&gt;&lt;SPAN&gt;Name of the field with the values of the expected deposit classification or response&lt;/SPAN&gt;&lt;SPAN&gt;. Usually -1 for non-deposits and 1 for deposits&lt;/SPAN&gt;&lt;/P&gt;&lt;/DIV&gt;&lt;/DIV&gt;</pythonReference></param><param name="countdown" displayname="Countdown" type="Required" direction="Input" datatype="Double" expression="countdown"><dialogReference>&lt;DIV STYLE="text-align:Left;"&gt;&lt;DIV&gt;&lt;DIV&gt;&lt;P&gt;&lt;SPAN&gt;Countdown timer, this is reduced during the execution, and the algorithm stops when it reaches 0&lt;/SPAN&gt;&lt;/P&gt;&lt;/DIV&gt;&lt;/DIV&gt;&lt;/DIV&gt;</dialogReference><pythonReference>&lt;DIV STYLE="text-align:Left;"&gt;&lt;DIV&gt;&lt;DIV&gt;&lt;P&gt;&lt;SPAN&gt;Countdown timer, this is reduced during the execution, and the algorithm stops when it reaches 0&lt;/SPAN&gt;&lt;/P&gt;&lt;/DIV&gt;&lt;/DIV&gt;&lt;/DIV&gt;</pythonReference></param><param name="output_model" displayname="Output Model" type="Optional" direction="Output" datatype="File" expression="{output_model}"><dialogReference>&lt;DIV STYLE="text-align:Left;"&gt;&lt;DIV&gt;&lt;P&gt;&lt;SPAN&gt;Name of the file where the model will be stored&lt;/SPAN&gt;&lt;/P&gt;&lt;/DIV&gt;&lt;/DIV&gt;</dialogReference><pythonReference>&lt;DIV STYLE="text-align:Left;"&gt;&lt;DIV&gt;&lt;P&gt;&lt;SPAN&gt;Name of the file where the model will be stored&lt;/SPAN&gt;&lt;/P&gt;&lt;/DIV&gt;&lt;/DIV&gt;</pythonReference></param><param name="leave_one_out" displayname="Leave-one-out Cross Validation" type="Required" direction="Input" datatype="Boolean" expression="leave_one_out"><dialogReference>&lt;DIV STYLE="text-align:Left;"&gt;&lt;DIV&gt;&lt;P&gt;&lt;SPAN&gt;Choose between test with leave-one-out&lt;/SPAN&gt;&lt;SPAN&gt; (True)&lt;/SPAN&gt;&lt;SPAN&gt; or 3-fold &lt;/SPAN&gt;&lt;SPAN&gt;(False) &lt;/SPAN&gt;&lt;SPAN&gt;cross-validation&lt;/SPAN&gt;&lt;/P&gt;&lt;/DIV&gt;&lt;/DIV&gt;</dialogReference><pythonReference>&lt;DIV STYLE="text-align:Left;"&gt;&lt;DIV&gt;&lt;P&gt;&lt;SPAN&gt;Choose between test with leave-one-out&lt;/SPAN&gt;&lt;SPAN&gt; (True)&lt;/SPAN&gt;&lt;SPAN&gt; or 3-fold &lt;/SPAN&gt;&lt;SPAN&gt;(False) &lt;/SPAN&gt;&lt;SPAN&gt;cross-validation&lt;/SPAN&gt;&lt;/P&gt;&lt;/DIV&gt;&lt;/DIV&gt;</pythonReference></param></parameters><summary>&lt;DIV STYLE="text-align:Left;"&gt;&lt;DIV&gt;&lt;DIV&gt;&lt;P&gt;&lt;SPAN&gt;Trains a model using &lt;/SPAN&gt;&lt;SPAN&gt;BrownBoost Method&lt;/SPAN&gt;&lt;/P&gt;&lt;/DIV&gt;&lt;/DIV&gt;&lt;/DIV&gt;</summary><usage>&lt;DIV STYLE="text-align:Left;"&gt;&lt;DIV&gt;&lt;DIV&gt;&lt;P&gt;&lt;SPAN&gt;Usage&lt;/SPAN&gt;&lt;/P&gt;&lt;UL&gt;&lt;LI&gt;&lt;P&gt;&lt;SPAN&gt;The model is trained with the information in the attribute table of the train points&lt;/SPAN&gt;&lt;/P&gt;&lt;/LI&gt;&lt;LI&gt;&lt;P&gt;&lt;SPAN&gt;It outputs a model in .pkl format to be used by the Apply Model tool &lt;/SPAN&gt;&lt;/P&gt;&lt;/LI&gt;&lt;LI&gt;&lt;P&gt;&lt;SPAN&gt;This tool makes use of module scikit-learn &lt;/SPAN&gt;&lt;/P&gt;&lt;/LI&gt;&lt;LI&gt;&lt;P&gt;&lt;SPAN&gt;For more information about the method&lt;/SPAN&gt;&lt;SPAN&gt;see Y. Freund, “An adaptive version of the boost by majority algorithm,” Machine learning, vol. 43, no. 3, pp. 293–318, 2001.&lt;/SPAN&gt;&lt;/P&gt;&lt;P&gt;&lt;SPAN /&gt;&lt;/P&gt;&lt;/LI&gt;&lt;/UL&gt;&lt;/DIV&gt;&lt;/DIV&gt;&lt;/DIV&gt;</usage></tool><dataIdInfo><idCitation><resTitle>BrownBoost Train</resTitle></idCitation><idAbs>&lt;DIV STYLE="text-align:Left;"&gt;&lt;DIV&gt;&lt;DIV&gt;&lt;P&gt;&lt;SPAN&gt;Trains a model using &lt;/SPAN&gt;&lt;SPAN&gt;BrownBoost Method&lt;/SPAN&gt;&lt;/P&gt;&lt;/DIV&gt;&lt;/DIV&gt;&lt;/DIV&gt;</idAbs><idCredit>By: Irving Cabrera &lt;irvcaza@gmail.com&gt; If you use this tool, please cite 

C. Z. Irving Gibran, “The Use of Boosting Methods for Mineral Prospectivity Mapping within the ArcGIS Platform,” Technische Universitat Munchen, 2017. </idCredit><searchKeys><keyword>machine learning</keyword><keyword>AdaBoost</keyword><keyword>noise</keyword><keyword>ensemble methods</keyword></searchKeys></dataIdInfo><distInfo><distributor><distorFormat><formatName>ArcToolbox Tool</formatName></distorFormat></distributor></distInfo><mdHrLv><ScopeCd value="005"/></mdHrLv></metadata>
