<metadata xml:lang="en"><Esri><CreaDate>20170620</CreaDate><CreaTime>11195300</CreaTime><ArcGISFormat>1.0</ArcGISFormat><SyncOnce>TRUE</SyncOnce><ModDate>20171010</ModDate><ModTime>16484700</ModTime><scaleRange><minScale>150000000</minScale><maxScale>5000</maxScale></scaleRange><ArcGISProfile>ItemDescription</ArcGISProfile></Esri><dataIdInfo><idCitation><resTitle>Adaboost Train</resTitle></idCitation><idAbs>&lt;DIV STYLE="text-align:Left;"&gt;&lt;DIV&gt;&lt;DIV&gt;&lt;P&gt;&lt;SPAN&gt;Trains a model using a varian&lt;/SPAN&gt;&lt;SPAN&gt;t&lt;/SPAN&gt;&lt;SPAN&gt;of Ada&lt;/SPAN&gt;&lt;SPAN&gt;B&lt;/SPAN&gt;&lt;SPAN&gt;oost (SAMME&lt;/SPAN&gt;&lt;SPAN&gt;.R&lt;/SPAN&gt;&lt;SPAN&gt;) &lt;/SPAN&gt;&lt;/P&gt;&lt;/DIV&gt;&lt;/DIV&gt;&lt;/DIV&gt;</idAbs><idCredit>By: Irving Cabrera &lt;irvcaza@gmail.com&gt;
If you use this tool, please cite
C. Z. Irving Gibran, “The Use of Boosting Methods for Mineral Prospectivity Mapping within the ArcGIS Platform,” Technische Universitat Munchen, 2017.
</idCredit><searchKeys><keyword>boosting</keyword><keyword>samme</keyword><keyword>samme.r</keyword></searchKeys><dataExt><geoEle xmlns=""><GeoBndBox esriExtentType="search"/></geoEle></dataExt></dataIdInfo><distInfo><distributor><distorFormat><formatName>ArcToolbox Tool</formatName></distorFormat></distributor></distInfo><tool name="AdaboostTrain" displayname="Adaboost Train" toolboxalias="experimentaltools" xmlns=""><parameters><param name="train_points" displayname="Train Points" type="Required" direction="Input" datatype="Feature Layer" expression="train_points"><dialogReference>&lt;DIV STYLE="text-align:Left;"&gt;&lt;DIV&gt;&lt;DIV&gt;&lt;P&gt;&lt;SPAN&gt;Points to be used for the training &lt;/SPAN&gt;&lt;/P&gt;&lt;/DIV&gt;&lt;/DIV&gt;&lt;/DIV&gt;</dialogReference><pythonReference>&lt;DIV STYLE="text-align:Left;"&gt;&lt;DIV&gt;&lt;DIV&gt;&lt;P&gt;&lt;SPAN&gt;Points to be used for the training &lt;/SPAN&gt;&lt;/P&gt;&lt;/DIV&gt;&lt;/DIV&gt;&lt;/DIV&gt;</pythonReference></param><param name="train_regressors" displayname="Predictor Fields" type="Required" direction="Input" datatype="Multiple Value" expression="train_regressors;train_regressors..."><dialogReference>&lt;DIV STYLE="text-align:Left;"&gt;&lt;DIV&gt;&lt;DIV&gt;&lt;P&gt;&lt;SPAN&gt;Name of the fields with the information about the evidential layers&lt;/SPAN&gt;&lt;/P&gt;&lt;/DIV&gt;&lt;/DIV&gt;&lt;/DIV&gt;</dialogReference><pythonReference>&lt;DIV STYLE="text-align:Left;"&gt;&lt;DIV&gt;&lt;DIV&gt;&lt;P&gt;&lt;SPAN&gt;Name of the fields with the information about the evidential layers&lt;/SPAN&gt;&lt;/P&gt;&lt;/DIV&gt;&lt;/DIV&gt;&lt;/DIV&gt;</pythonReference></param><param name="train_response" displayname="Class Field" type="Required" direction="Input" datatype="Field" expression="train_response"><dialogReference>&lt;DIV STYLE="text-align:Left;"&gt;&lt;DIV&gt;&lt;DIV&gt;&lt;P&gt;&lt;SPAN&gt;Name of the field with the values of the expected deposit classification or response, &lt;/SPAN&gt;&lt;/P&gt;&lt;P&gt;&lt;SPAN&gt;Usually -1 for non&lt;/SPAN&gt;&lt;SPAN&gt;-&lt;/SPAN&gt;&lt;SPAN&gt;deposits and 1 for deposits&lt;/SPAN&gt;&lt;/P&gt;&lt;/DIV&gt;&lt;/DIV&gt;&lt;/DIV&gt;</dialogReference><pythonReference>&lt;DIV STYLE="text-align:Left;"&gt;&lt;DIV&gt;&lt;DIV&gt;&lt;P&gt;&lt;SPAN&gt;Name of the field with the values of the expected deposit classification or response, &lt;/SPAN&gt;&lt;/P&gt;&lt;P&gt;&lt;SPAN&gt;Usually -1 for non&lt;/SPAN&gt;&lt;SPAN&gt;-&lt;/SPAN&gt;&lt;SPAN&gt;deposits and 1 for deposits&lt;/SPAN&gt;&lt;/P&gt;&lt;P&gt;&lt;SPAN /&gt;&lt;/P&gt;&lt;/DIV&gt;&lt;/DIV&gt;&lt;/DIV&gt;</pythonReference></param><param name="num_estimators" displayname="Number of Estimators" type="Required" direction="Input" datatype="Long" expression="num_estimators"><dialogReference>&lt;DIV STYLE="text-align:Left;"&gt;&lt;DIV&gt;&lt;DIV&gt;&lt;P&gt;&lt;SPAN&gt;Number of boosting rounds to be performed &lt;/SPAN&gt;&lt;/P&gt;&lt;/DIV&gt;&lt;/DIV&gt;&lt;/DIV&gt;</dialogReference><pythonReference>&lt;DIV STYLE="text-align:Left;"&gt;&lt;DIV&gt;&lt;DIV&gt;&lt;P&gt;&lt;SPAN&gt;Number of boosting rounds to be performed &lt;/SPAN&gt;&lt;/P&gt;&lt;/DIV&gt;&lt;/DIV&gt;&lt;/DIV&gt;</pythonReference></param><param name="learning_rate" displayname="Learning Rate" type="Required" direction="Input" datatype="Double" expression="learning_rate"><dialogReference>&lt;DIV STYLE="text-align:Left;"&gt;&lt;DIV&gt;&lt;DIV&gt;&lt;P&gt;&lt;SPAN&gt;Learning rate of the algorithm &lt;/SPAN&gt;&lt;/P&gt;&lt;/DIV&gt;&lt;/DIV&gt;&lt;/DIV&gt;</dialogReference><pythonReference>&lt;DIV STYLE="text-align:Left;"&gt;&lt;DIV&gt;&lt;DIV&gt;&lt;P&gt;&lt;SPAN&gt;Learning rate of the algorithm &lt;/SPAN&gt;&lt;/P&gt;&lt;/DIV&gt;&lt;/DIV&gt;&lt;/DIV&gt;</pythonReference></param><param name="output_model" displayname="Output Model" type="Optional" direction="Output" datatype="File" expression="{output_model}"><dialogReference>&lt;DIV STYLE="text-align:Left;"&gt;&lt;DIV&gt;&lt;DIV&gt;&lt;P&gt;&lt;SPAN&gt;Name of the file where the model will be stored&lt;/SPAN&gt;&lt;/P&gt;&lt;/DIV&gt;&lt;/DIV&gt;&lt;/DIV&gt;</dialogReference><pythonReference>&lt;DIV STYLE="text-align:Left;"&gt;&lt;DIV&gt;&lt;DIV&gt;&lt;P&gt;&lt;SPAN&gt;Name of the file where the model will be stored&lt;/SPAN&gt;&lt;/P&gt;&lt;/DIV&gt;&lt;/DIV&gt;&lt;/DIV&gt;</pythonReference></param><param name="leave_one_out" displayname="Leave-one-out Cross Validation" type="Required" direction="Input" datatype="Boolean" expression="leave_one_out"><dialogReference>&lt;DIV STYLE="text-align:Left;"&gt;&lt;DIV&gt;&lt;DIV&gt;&lt;P&gt;&lt;SPAN&gt;Choose between test with leave-one-out or 3-fold cross-validation&lt;/SPAN&gt;&lt;/P&gt;&lt;/DIV&gt;&lt;/DIV&gt;&lt;/DIV&gt;</dialogReference><pythonReference>&lt;DIV STYLE="text-align:Left;"&gt;&lt;DIV&gt;&lt;DIV&gt;&lt;P&gt;&lt;SPAN&gt;Choose between test with leave-one-out or 3-fold cross-validation&lt;/SPAN&gt;&lt;/P&gt;&lt;/DIV&gt;&lt;/DIV&gt;&lt;/DIV&gt;</pythonReference></param></parameters><summary>&lt;DIV STYLE="text-align:Left;"&gt;&lt;DIV&gt;&lt;DIV&gt;&lt;P&gt;&lt;SPAN&gt;Trains a model using a varian&lt;/SPAN&gt;&lt;SPAN&gt;t&lt;/SPAN&gt;&lt;SPAN&gt;of Ada&lt;/SPAN&gt;&lt;SPAN&gt;B&lt;/SPAN&gt;&lt;SPAN&gt;oost (SAMME&lt;/SPAN&gt;&lt;SPAN&gt;.R&lt;/SPAN&gt;&lt;SPAN&gt;) &lt;/SPAN&gt;&lt;/P&gt;&lt;/DIV&gt;&lt;/DIV&gt;&lt;/DIV&gt;</summary><usage>&lt;DIV STYLE="text-align:Left;"&gt;&lt;DIV&gt;&lt;DIV&gt;&lt;UL&gt;&lt;LI&gt;&lt;P&gt;&lt;SPAN&gt;The model is trained with the information in the attribute table of the train points&lt;/SPAN&gt;&lt;/P&gt;&lt;/LI&gt;&lt;LI&gt;&lt;P&gt;&lt;SPAN&gt;It outputs a model in .pkl format to be used by the &lt;/SPAN&gt;&lt;SPAN STYLE="font-style:italic;"&gt;Apply Model &lt;/SPAN&gt;&lt;SPAN&gt;tool &lt;/SPAN&gt;&lt;/P&gt;&lt;/LI&gt;&lt;LI&gt;&lt;P&gt;&lt;SPAN&gt;This tool makes use of module &lt;/SPAN&gt;&lt;A href="http://scikit-learn.org/stable/index.html"&gt;&lt;SPAN&gt;sc&lt;/SPAN&gt;&lt;SPAN&gt;i&lt;/SPAN&gt;&lt;SPAN&gt;kit-learn &lt;/SPAN&gt;&lt;/A&gt;&lt;/P&gt;&lt;/LI&gt;&lt;LI&gt;&lt;P&gt;&lt;SPAN&gt;For more information about the method visit the &lt;/SPAN&gt;&lt;A href="http://scikit-learn.org/stable/modules/generated/sklearn.ensemble.AdaBoostClassifier.html"&gt;&lt;SPAN&gt;API&lt;/SPAN&gt;&lt;/A&gt;&lt;/P&gt;&lt;/LI&gt;&lt;/UL&gt;&lt;/DIV&gt;&lt;/DIV&gt;&lt;/DIV&gt;</usage><arcToolboxHelpPath>c:\program files (x86)\arcgis\desktop10.5\Help\gp</arcToolboxHelpPath></tool><mdHrLv><ScopeCd value="005"/></mdHrLv></metadata>
