<metadata xml:lang="en"><Esri><CreaDate>20170706</CreaDate><CreaTime>10325600</CreaTime><ArcGISFormat>1.0</ArcGISFormat><SyncOnce>TRUE</SyncOnce><ModDate>20171010</ModDate><ModTime>17013700</ModTime><scaleRange><minScale>150000000</minScale><maxScale>5000</maxScale></scaleRange><ArcGISProfile>ItemDescription</ArcGISProfile></Esri><tool name="SVMTrain" displayname="Support Vector Machine Train" toolboxalias="experimentaltools" xmlns=""><arcToolboxHelpPath>c:\program files (x86)\arcgis\desktop10.5\Help\gp</arcToolboxHelpPath><parameters><param name="train_points" displayname="Train Points" type="Required" direction="Input" datatype="Feature Layer" expression="train_points"><dialogReference>&lt;DIV STYLE="text-align:Left;"&gt;&lt;DIV&gt;&lt;P&gt;&lt;SPAN&gt;Points to be used for the training &lt;/SPAN&gt;&lt;/P&gt;&lt;/DIV&gt;&lt;/DIV&gt;</dialogReference><pythonReference>&lt;DIV STYLE="text-align:Left;"&gt;&lt;DIV&gt;&lt;P&gt;&lt;SPAN&gt;Points to be used for the training &lt;/SPAN&gt;&lt;/P&gt;&lt;/DIV&gt;&lt;/DIV&gt;</pythonReference></param><param name="train_regressors" displayname="Predictor Fields" type="Required" direction="Input" datatype="Multiple Value" expression="train_regressors;train_regressors..."><dialogReference>&lt;DIV STYLE="text-align:Left;"&gt;&lt;DIV&gt;&lt;P&gt;&lt;SPAN&gt;Name of the fields with the information about the evidential layers&lt;/SPAN&gt;&lt;/P&gt;&lt;/DIV&gt;&lt;/DIV&gt;</dialogReference><pythonReference>&lt;DIV STYLE="text-align:Left;"&gt;&lt;DIV&gt;&lt;P&gt;&lt;SPAN&gt;Name of the fields with the information about the evidential layers&lt;/SPAN&gt;&lt;/P&gt;&lt;/DIV&gt;&lt;/DIV&gt;</pythonReference></param><param name="train_response" displayname="Class Field" type="Required" direction="Input" datatype="Field" expression="train_response"><dialogReference>&lt;DIV STYLE="text-align:Left;"&gt;&lt;DIV&gt;&lt;P&gt;&lt;SPAN&gt;Name of the field with the values of the expected deposit classification or response.&lt;/SPAN&gt;&lt;/P&gt;&lt;P&gt;&lt;SPAN&gt;Usually -1 for non-deposits and 1 for deposits.&lt;/SPAN&gt;&lt;/P&gt;&lt;/DIV&gt;&lt;/DIV&gt;</dialogReference><pythonReference>&lt;DIV STYLE="text-align:Left;"&gt;&lt;DIV&gt;&lt;P&gt;&lt;SPAN&gt;Name of the field with the values of the expected deposit classification or response.&lt;/SPAN&gt;&lt;/P&gt;&lt;P&gt;&lt;SPAN&gt;Usually -1 for non-deposits and 1 for deposits.&lt;/SPAN&gt;&lt;/P&gt;&lt;/DIV&gt;&lt;/DIV&gt;</pythonReference></param><param name="kernel" displayname="Kernel" type="Required" direction="Input" datatype="String" expression="rbf | linear | poly | sigmoid"><dialogReference>&lt;DIV STYLE="text-align:Left;"&gt;&lt;DIV&gt;&lt;P&gt;&lt;SPAN&gt;Kernel to be used  &lt;/SPAN&gt;&lt;/P&gt;&lt;/DIV&gt;&lt;/DIV&gt;</dialogReference><pythonReference>&lt;DIV STYLE="text-align:Left;"&gt;&lt;DIV&gt;&lt;P&gt;&lt;SPAN&gt;Kernel to be used  &lt;/SPAN&gt;&lt;/P&gt;&lt;/DIV&gt;&lt;/DIV&gt;</pythonReference></param><param name="deposit_weight" displayname="Weight of Deposit Class" type="Optional" direction="Input" datatype="Double" expression="{deposit_weight}"><dialogReference>&lt;DIV STYLE="text-align:Left;"&gt;&lt;DIV&gt;&lt;P&gt;&lt;SPAN&gt;weight to be given to the deposits to deal with unbalanced data &lt;/SPAN&gt;&lt;/P&gt;&lt;/DIV&gt;&lt;/DIV&gt;</dialogReference><pythonReference>&lt;DIV STYLE="text-align:Left;"&gt;&lt;DIV&gt;&lt;P&gt;&lt;SPAN&gt;weight to be given to the deposits to deal with unbalanced data &lt;/SPAN&gt;&lt;/P&gt;&lt;/DIV&gt;&lt;/DIV&gt;</pythonReference></param><param name="penalty" displayname="Penalty Parameter" type="Required" direction="Input" datatype="Double" expression="penalty"><dialogReference>&lt;DIV STYLE="text-align:Left;"&gt;&lt;DIV&gt;&lt;P&gt;&lt;SPAN&gt;type of norm for the penalty &lt;/SPAN&gt;&lt;/P&gt;&lt;/DIV&gt;&lt;/DIV&gt;</dialogReference><pythonReference>&lt;DIV STYLE="text-align:Left;"&gt;&lt;DIV&gt;&lt;P&gt;&lt;SPAN&gt;type of norm for the penalty &lt;/SPAN&gt;&lt;/P&gt;&lt;/DIV&gt;&lt;/DIV&gt;</pythonReference></param><param name="output_model" displayname="Output Model" type="Optional" direction="Output" datatype="File" expression="{output_model}"><dialogReference>&lt;DIV STYLE="text-align:Left;"&gt;&lt;DIV&gt;&lt;P&gt;&lt;SPAN&gt;Name of the file where the model will be stored&lt;/SPAN&gt;&lt;/P&gt;&lt;/DIV&gt;&lt;/DIV&gt;</dialogReference><pythonReference>&lt;DIV STYLE="text-align:Left;"&gt;&lt;DIV&gt;&lt;P&gt;&lt;SPAN&gt;Name of the file where the model will be stored&lt;/SPAN&gt;&lt;/P&gt;&lt;/DIV&gt;&lt;/DIV&gt;</pythonReference></param><param name="leave_one_out" displayname="Leave-one-out Cross Validation" type="Required" direction="Input" datatype="Boolean" expression="leave_one_out"><dialogReference>&lt;DIV STYLE="text-align:Left;"&gt;&lt;DIV&gt;&lt;P&gt;&lt;SPAN&gt;Choose between test with leave-one-out (True) or 3-fold (False) cross-validation&lt;/SPAN&gt;&lt;/P&gt;&lt;/DIV&gt;&lt;/DIV&gt;</dialogReference><pythonReference>&lt;DIV STYLE="text-align:Left;"&gt;&lt;P&gt;&lt;SPAN&gt;Choose between test with leave-one-out (True) or 3-fold (False) cross-validation&lt;/SPAN&gt;&lt;/P&gt;&lt;/DIV&gt;</pythonReference></param><param name="normalize" displayname="Normalize Data" type="Required" direction="Output" datatype="Boolean" expression="normalize"><dialogReference>&lt;DIV STYLE="text-align:Left;"&gt;&lt;DIV&gt;&lt;P&gt;&lt;SPAN&gt;Indicates if the data needs to be normalized (True) or not (False). Notice that &lt;/SPAN&gt;&lt;SPAN&gt; &lt;/SPAN&gt;&lt;SPAN&gt;SVM is sensitive &lt;/SPAN&gt;&lt;SPAN&gt;to normalization &lt;/SPAN&gt;&lt;/P&gt;&lt;/DIV&gt;&lt;/DIV&gt;</dialogReference><pythonReference>&lt;DIV STYLE="text-align:Left;"&gt;&lt;DIV&gt;&lt;P&gt;&lt;SPAN&gt;Indicates if the data needs to be normalized (True) or not (False). Notice that &lt;/SPAN&gt;&lt;SPAN&gt; &lt;/SPAN&gt;&lt;SPAN&gt;SVM is sensitive &lt;/SPAN&gt;&lt;SPAN&gt;to normalization &lt;/SPAN&gt;&lt;/P&gt;&lt;/DIV&gt;&lt;/DIV&gt;</pythonReference></param><param name="random_state" displayname="Random State" type="Optional" direction="Input" datatype="Long" expression="{random_state}"><dialogReference>&lt;DIV STYLE="text-align:Left;"&gt;&lt;DIV&gt;&lt;P&gt;&lt;SPAN&gt;Seed for random generator, useful to obtain reproducible results &lt;/SPAN&gt;&lt;/P&gt;&lt;/DIV&gt;&lt;/DIV&gt;</dialogReference><pythonReference>&lt;DIV STYLE="text-align:Left;"&gt;&lt;DIV&gt;&lt;P&gt;&lt;SPAN&gt;Seed for random generator, useful to obtain reproducible results &lt;/SPAN&gt;&lt;/P&gt;&lt;/DIV&gt;&lt;/DIV&gt;</pythonReference></param></parameters><summary>&lt;DIV STYLE="text-align:Left;"&gt;&lt;DIV&gt;&lt;DIV&gt;&lt;P&gt;&lt;SPAN&gt;Trains a model using Support Vector Machine&lt;/SPAN&gt;&lt;/P&gt;&lt;/DIV&gt;&lt;/DIV&gt;&lt;/DIV&gt;</summary><usage>&lt;DIV STYLE="text-align:Left;"&gt;&lt;DIV&gt;&lt;DIV&gt;&lt;UL&gt;&lt;LI&gt;&lt;P&gt;&lt;SPAN&gt;The model is trained with the information in the attribute table of the train points&lt;/SPAN&gt;&lt;/P&gt;&lt;/LI&gt;&lt;LI&gt;&lt;P&gt;&lt;SPAN&gt;It outputs a model in .pkl format to be used by the Apply Model tool &lt;/SPAN&gt;&lt;/P&gt;&lt;/LI&gt;&lt;LI&gt;&lt;P&gt;&lt;SPAN&gt;Additional&lt;/SPAN&gt;&lt;SPAN&gt;l&lt;/SPAN&gt;&lt;SPAN&gt;y&lt;/SPAN&gt;&lt;SPAN&gt;, It&lt;/SPAN&gt;&lt;SPAN&gt; can output a file with the normalizing transformation to be used in later stages &lt;/SPAN&gt;&lt;/P&gt;&lt;/LI&gt;&lt;LI&gt;&lt;P&gt;&lt;SPAN&gt;This tool makes use of module &lt;/SPAN&gt;&lt;A href="http://scikit-learn.org/stable/index.html"&gt;&lt;SPAN&gt;scikit-learn &lt;/SPAN&gt;&lt;/A&gt;&lt;/P&gt;&lt;/LI&gt;&lt;LI&gt;&lt;P&gt;&lt;SPAN&gt;For more information about the method visit the &lt;/SPAN&gt;&lt;A href="http://scikit-learn.org/stable/modules/generated/sklearn.svm.SVC.html"&gt;&lt;SPAN&gt;AP&lt;/SPAN&gt;&lt;/A&gt;&lt;SPAN&gt;I&lt;/SPAN&gt;&lt;/P&gt;&lt;/LI&gt;&lt;/UL&gt;&lt;/DIV&gt;&lt;/DIV&gt;&lt;/DIV&gt;</usage></tool><dataIdInfo><idCitation><resTitle>Support Vector Machine Train</resTitle></idCitation><idAbs>&lt;DIV STYLE="text-align:Left;"&gt;&lt;DIV&gt;&lt;DIV&gt;&lt;P&gt;&lt;SPAN&gt;Trains a model using Support Vector Machine&lt;/SPAN&gt;&lt;/P&gt;&lt;/DIV&gt;&lt;/DIV&gt;&lt;/DIV&gt;</idAbs><idCredit>By: Irving Cabrera &lt;irvcaza@gmail.com&gt; If you use this tool, please cite C. Z. Irving Gibran, “The Use of Boosting Methods for Mineral Prospectivity Mapping within the ArcGIS Platform,” Technische Universitat Munchen, 2017. </idCredit><searchKeys><keyword>SVM</keyword><keyword>classifier</keyword></searchKeys></dataIdInfo><distInfo><distributor><distorFormat><formatName>ArcToolbox Tool</formatName></distorFormat></distributor></distInfo><mdHrLv><ScopeCd value="005"/></mdHrLv></metadata>
